,uri,y
0,,0
1,,0
2,imgs/cucumber_1a43c893-9406-44b0-bf4c-f4f7b3e8ada9.jpg,0
3,imgs/cucumber_274bef1f-9312-456a-9023-d473e4018e41.jpg,0
4,imgs/cucumber_8380834f-512f-4510-9122-7c7d08f03cf4.jpg,0
5,imgs/cucumber_033dfce8-c53a-4856-8295-e947f6e029ae.jpg,0
6,imgs/cucumber_eed64903-5bc2-424f-a547-559a63de10d6.jpg,0
7,imgs/cucumber_1d88a0f5-3255-44d8-87c2-3b3989ec70db.jpg,0
8,imgs/cucumber_40237a3f-21e0-4cec-8dc7-61b47cfa85e4.jpg,0
9,imgs/cucumber_17e4cea9-82fa-4f81-8d01-e8a882636b2a.jpg,0
10,,0
11,imgs/cucumber_457c8880-ffb1-48a0-8630-30aab4883315.jpg,0
12,imgs/cucumber_669aed42-544c-4ccf-94e3-4fd5d400a7e8.jpg,0
13,imgs/cucumber_e34c1815-1f79-4cea-9637-12d3208fe051.jpg,0
14,imgs/cucumber_a3a87774-a5f5-409d-900c-1f5f68dc0286.jpg,0
15,,0
16,imgs/cucumber_1357b7fe-cd28-464f-9f98-b7114e2babee.jpg,0
17,,0
18,imgs/cucumber_3c299fbf-0535-4c85-b135-7b6977a04b7d.jpg,0
19,,0
20,imgs/cucumber_559ba6ee-216a-42f5-b9e7-638980c57d0f.jpg,0
21,,0
22,imgs/cucumber_e9173a98-76b5-480d-9b4c-578a6acb407d.jpg,0
23,imgs/cucumber_0df339a5-da8b-4d03-a083-3b30d67c63ab.jpg,0
24,,0
25,imgs/cucumber_de3928ee-2f3f-4879-9a69-159b297b2261.jpg,0
26,,0
27,imgs/cucumber_be89ea62-64a8-4656-bdb7-a11ef529a45f.jpg,0
28,imgs/cucumber_a9fc6119-8509-41fb-b7e0-5fc0c7687398.jpg,0
29,,0
30,imgs/cucumber_4aed4bf8-7738-4719-ac1f-67a9305313db.jpg,0
31,imgs/cucumber_7607e246-8e3f-4f35-8bec-33ced056f45e.jpg,0
32,,0
33,imgs/cucumber_af040101-9d28-4458-8a4f-5a39c035f384.jpg,0
34,imgs/cucumber_8bde8e7a-3107-40f7-9064-0b135d58b5dc.jpg,0
35,imgs/cucumber_8b74beb5-c9a1-4ddb-bf12-72126ba53dda.jpg,0
36,imgs/cucumber_87351f6a-8f7b-427b-8339-4ef0e7c06f96.jpg,0
37,,0
38,imgs/cucumber_12992a76-2d99-4756-ab68-629c5afcfd95.jpg,0
39,imgs/cucumber_67f8aecd-11f0-4dbd-8efe-d315af514a54.jpg,0
40,imgs/cucumber_a234c77c-ba89-4e80-a71e-5f4cdcb380d0.jpg,0
41,,0
42,imgs/cucumber_8cd53d38-bfe9-46f0-b1e9-c80207bc9f88.jpg,0
43,imgs/cucumber_f76717cc-4ab2-4ea2-b8e1-0cc5fb6e3ac6.jpg,0
44,imgs/cucumber_73e6a5d9-91d4-4b84-95ca-d47a3dd2fb36.jpg,0
45,,0
46,imgs/cucumber_53c2f08a-06a2-47ea-a6f3-39662d6a05a2.jpg,0
47,imgs/cucumber_78e3ca47-2050-4141-9a71-18da597b4440.jpg,0
48,,0
49,imgs/cucumber_f28e7862-0d0d-43b0-8f63-7e2c837495c7.jpg,0
50,imgs/cucumber_8b54beba-caf1-4218-afc7-5a8606b9d58a.jpg,0
51,imgs/cucumber_b1819d68-c924-4900-be61-ed43ab5e112c.jpg,0
52,imgs/cucumber_49e63cb2-442e-4873-a8c1-7156fb42523b.jpg,0
53,imgs/cucumber_c6dfd2ad-3c83-40b2-bd64-0eb1ffe71ba0.jpg,0
54,imgs/cucumber_d7c22de1-407d-4520-aa31-2a1a4e875512.jpg,0
55,imgs/cucumber_c22b0d87-f17e-457e-9539-bfacfdbcb24d.jpg,0
56,imgs/cucumber_74897af8-34d0-430b-a535-6d3073a586cb.jpg,0
57,imgs/cucumber_7c4d4f2a-dc8b-4919-afb1-e41044492ff4.jpg,0
58,imgs/cucumber_9a12c626-091a-4d49-a941-dc293d83b681.jpg,0
59,imgs/cucumber_5189974c-c744-4080-bf22-778a67dbe769.jpg,0
60,,0
61,imgs/cucumber_41f64685-48bc-4a0e-af6d-3645350331f4.jpg,0
62,imgs/cucumber_32a28c1f-d8bf-4ae7-b75b-ef16fbe52a40.jpg,0
63,,0
64,imgs/cucumber_0507c181-ba6d-4207-9031-a15c00aa0964.jpg,0
65,imgs/cucumber_b5d972d1-538f-49c3-abaf-d552e31e6f92.jpg,0
66,,0
67,imgs/cucumber_dd0bee05-becc-4da4-977d-213b7533abd2.jpg,0
68,imgs/cucumber_768103cd-e79d-41ec-837f-fc6044174cd5.jpg,0
69,imgs/cucumber_10eecf65-5b6c-4b2a-aa35-5471255e376d.jpg,0
70,imgs/cucumber_ddf9d54c-7755-4d61-9a6b-e27b118e41f1.jpg,0
71,imgs/cucumber_6c6b1fb4-7547-447b-ae6d-4aa1e9119451.jpg,0
72,imgs/cucumber_44c4596f-a715-4021-8b55-c57ec9acf78b.jpg,0
73,imgs/cucumber_edbe78b4-220c-48cc-831d-69f62d25b724.jpg,0
74,,0
75,imgs/cucumber_33456857-f353-4222-8c87-62a02e65fe5a.jpg,0
76,imgs/cucumber_4c93bf3d-c090-4ad3-ae95-2ce8b447d7cd.jpg,0
77,imgs/cucumber_64231e97-1e00-4647-98b1-dec2faa59877.jpg,0
78,,0
79,,0
80,,0
81,imgs/cucumber_39a3730b-7ce2-4b52-810b-0a752e30af2d.jpg,0
82,imgs/cucumber_f82fc011-ac1f-4c8b-b476-a3fd5b5e3f74.jpg,0
83,,0
84,imgs/cucumber_641d287f-754f-474e-9b87-ec42f8013b27.jpg,0
85,,0
86,,0
87,imgs/cucumber_8735124e-b492-4888-bfac-f9c047dc94d7.jpg,0
88,,0
89,,0
90,,0
91,,0
92,imgs/cucumber_5013e079-c8ab-4bd3-8fa5-8464ebedeab8.jpg,0
93,imgs/cucumber_483d2ec1-bffc-4ef7-9cb3-e127a734b64d.jpg,0
94,,0
95,imgs/cucumber_c4b4c747-8e34-4b4c-8813-b4048613c32d.jpg,0
96,imgs/cucumber_3320e69d-8253-4072-8dbf-566b07137793.jpg,0
97,imgs/cucumber_78f556a5-3f94-401b-9b7f-b00a609f5e7b.jpg,0
98,imgs/cucumber_ad6a3391-de05-40bc-af55-56e18d23a292.jpg,0
99,imgs/cucumber_9cfeda7c-5c7f-4f8c-a15a-1093145b4e87.jpg,0
100,imgs/cucumber_cef99db6-8a91-4f58-9133-ed565dfb033f.jpg,0
101,,0
102,,0
103,imgs/cucumber_2f07b39c-2f39-464e-9432-a41d357c87f8.jpg,0
104,imgs/cucumber_37357074-4e86-4bce-94d5-173b8d33f038.jpg,0
105,,0
106,imgs/cucumber_abef9c7f-1612-4d33-b791-da11b3745465.jpg,0
107,imgs/cucumber_9179f71d-6a7e-42a7-be5e-02ea5f9e1def.jpg,0
108,,0
109,imgs/cucumber_6ef7e5cb-dbf5-4e8f-9c82-b62b114f4dec.jpg,0
110,imgs/cucumber_da762840-cad6-467a-9fd5-98f50159959c.jpg,0
111,,0
112,imgs/cucumber_46cef46e-f308-47bc-b31b-e5b4f59d7ff5.jpg,0
113,,0
114,imgs/cucumber_f6a4ba5f-c4e3-4a8f-89a4-2b95106b5949.jpg,0
115,,0
116,imgs/cucumber_7e9f3385-512b-406a-ad2d-3f0fd49096d4.jpg,0
117,imgs/cucumber_58fd43df-5553-4dca-ba29-e115a91a7853.jpg,0
118,imgs/cucumber_90341cb8-c94f-478d-8ffd-ae0ea56da565.jpg,0
119,imgs/cucumber_fb74ab01-dda0-4fd8-8f94-2b66c1cec9df.jpg,0
120,,0
121,imgs/cucumber_e2024635-9b75-4cc9-9e37-fdc8ffbd5a93.jpg,0
122,,0
123,imgs/cucumber_479f80d5-b841-40cc-b9a5-a5f149e5fec8.jpg,0
124,imgs/cucumber_928e306f-2792-49c2-b530-6e4445476403.jpg,0
125,,0
126,,0
127,imgs/cucumber_e4e0e925-8579-4153-8691-7669f3d94c7a.jpg,0
128,imgs/cucumber_3f3c3ea8-6410-474a-9303-ec4980799851.jpg,0
129,imgs/cucumber_c90c9825-516b-44fb-8435-e946f57c9ae5.jpg,0
130,,0
131,imgs/cucumber_0a34b358-9fcd-433c-a245-14bf3115abef.jpg,0
132,,0
133,imgs/cucumber_e0c355e9-c88d-44fc-938b-627bda254b82.jpg,0
134,imgs/cucumber_b95de7eb-3b19-4999-b667-90f4b119a922.jpg,0
135,,0
136,imgs/cucumber_6325a950-8733-43c5-a4e8-6acf2cec9b0c.jpg,0
137,imgs/cucumber_58850c87-e64e-4bcf-8609-b637131039c1.jpg,0
138,imgs/cucumber_2b0e3032-41bf-4604-93f5-bc68b0096df8.jpg,0
139,imgs/cucumber_ba6bca2c-3135-4346-b702-70012c86714e.jpg,0
140,imgs/cucumber_abe129f1-8c86-4047-a0a5-906e7ca1c92e.jpg,0
141,,0
142,imgs/cucumber_3d61d992-57de-4e5b-80ab-d455f01d77e3.jpg,0
143,imgs/cucumber_ad6d7899-2f30-4506-8cf9-3ae62d9ad932.jpg,0
144,imgs/cucumber_87343f17-4f6a-4a00-a2b6-2e663cdb108d.jpg,0
145,imgs/cucumber_29b0186d-7cc5-4b18-a4ed-06bdc2c701e7.jpg,0
146,,0
147,imgs/cucumber_1a15d4b1-2814-4bd9-b40c-e6efa742196c.jpg,0
148,imgs/cucumber_dde447d9-d707-464c-a50c-99b256ca47e1.jpg,0
149,imgs/cucumber_dd558979-9773-4a3c-8fc5-2c32615dda99.jpg,0
150,imgs/cucumber_a38042e5-ef88-459e-801c-3e75bf6d2c64.jpg,0
151,imgs/cucumber_9e6acfb5-dfb4-4947-8000-85310aa78e26.jpg,0
152,imgs/cucumber_8437ebb2-d139-44d2-8145-035e05dff59a.jpg,0
153,,0
154,,0
155,imgs/cucumber_9bebee34-7209-4032-84e6-449d0070eb45.jpg,0
156,imgs/cucumber_a174f8de-1824-4cd1-bf5e-632e81a3c743.jpg,0
157,imgs/cucumber_a1355d4b-962b-4aa2-accb-7f8fa235553e.jpg,0
158,imgs/cucumber_f53ccc82-d2a7-4921-888d-728b6cbafd2c.jpg,0
159,imgs/cucumber_4282bf4b-613c-4bd5-90e1-d39a60aa56e1.jpg,0
160,imgs/cucumber_ab828c59-2d84-4856-89d5-689ecb795f70.jpg,0
161,imgs/cucumber_4b24ed91-90b6-4c1a-b2ce-a8d205c0c5c7.jpg,0
162,imgs/cucumber_ea9468ed-7837-4831-91c3-d09b83d007d6.jpg,0
163,imgs/cucumber_e9478d27-c50e-4629-ad26-e83c369a0a31.jpg,0
164,,0
165,imgs/cucumber_504f06d4-39a4-4c09-b4bb-47f6aecfaf0a.jpg,0
166,imgs/cucumber_52c19a19-1b0c-49f2-94e6-2c4b6eeaa89a.jpg,0
167,,0
168,imgs/cucumber_7a3d54e2-b95f-4741-88ab-c373bdca9eff.jpg,0
169,imgs/cucumber_bb7230d8-33e4-454d-9bcb-59b17a1d4645.jpg,0
170,,0
171,imgs/cucumber_f48fd1ce-459c-4031-9374-74c77720ff3f.jpg,0
172,imgs/cucumber_276d5979-7a65-4f14-80dd-64a3ab3778b4.jpg,0
173,,0
174,imgs/cucumber_b507d589-f86a-4b16-aa44-302c6065d02d.jpg,0
175,imgs/cucumber_fd6812ed-610d-467e-85dd-56aecce04a6f.jpg,0
176,imgs/cucumber_a463003e-2bad-4ec7-81ef-33822cf117c9.jpg,0
177,imgs/cucumber_d303e839-2cb2-44d4-97d2-d8d5d55335aa.jpg,0
178,imgs/cucumber_6c2328f4-ba44-4a82-aad5-370bec8e1424.jpg,0
179,,0
180,imgs/cucumber_31d68be9-5924-4715-b518-a67cb7ef2f77.jpg,0
181,imgs/cucumber_2a1fd379-f41f-4152-979f-d420bbc69e51.jpg,0
182,imgs/cucumber_e1993d1a-4214-4465-8032-0a4bfaabf7d8.jpg,0
183,,0
184,,0
185,imgs/cucumber_c7a8e0ac-6c26-4237-9221-344718bc949a.jpg,0
186,imgs/cucumber_eaf50e28-6904-4de5-b935-a4d8449a1caf.jpg,0
187,imgs/cucumber_181a5b5a-37a0-4bb3-8f4e-1b2dc80fd6df.jpg,0
188,imgs/cucumber_01aa6e07-5cfe-41f5-9a8c-d0502ec15c15.jpg,0
189,,0
190,,0
191,imgs/cucumber_5dbe2084-1a65-47b8-bb62-977ec426c62a.jpg,0
192,imgs/cucumber_a31b29c7-c33e-4ec0-a590-7a155020f0c1.jpg,0
193,,0
194,,0
195,imgs/cucumber_1ea379aa-beed-46cc-ab4b-9d1eebce9800.jpg,0
196,imgs/cucumber_92a514df-a975-4a5d-a86f-fe837547224e.jpg,0
197,imgs/cucumber_18c57ce1-1b63-4d18-9bc8-2cbe8a2c228e.jpg,0
198,,0
199,imgs/cucumber_1a40ab26-ad9d-4c2a-bba3-0718107ed5f2.jpg,0
200,imgs/cucumber_8fb6e243-9fa9-429a-a6e5-bff8e77b8ebd.jpg,0
201,imgs/cucumber_719b3ef1-1a9b-4c8a-bd36-f71cdec0f670.jpg,0
202,imgs/cucumber_1ad5a27b-d07c-4b94-811a-a985d0ed84fc.jpg,0
203,imgs/cucumber_17219687-c32d-474e-a876-162ea159bb15.jpg,0
204,imgs/cucumber_32504da8-f897-4114-a8b1-a63292534c48.jpg,0
205,imgs/cucumber_0d2c792d-1a73-4bd4-bfcb-6c05efecfd85.jpg,0
206,imgs/cucumber_1234a20a-7358-4065-a18e-1b9c5630e7a6.jpg,0
207,,0
208,imgs/cucumber_09298d7c-1783-4e13-9e47-310c425ebf2c.jpg,0
209,,0
210,,0
211,imgs/cucumber_84653902-2b6f-4595-a0d5-ae308a8e38fc.jpg,0
212,imgs/cucumber_8c7a9413-5bb8-4def-bc84-7842336f1ed4.jpg,0
213,imgs/cucumber_610b88b5-c06f-44e1-9c2f-e3f325fe6e45.jpg,0
214,imgs/cucumber_eed9d194-ec09-42f2-b0bc-cced8075a028.jpg,0
215,,0
216,,0
217,imgs/cucumber_42376688-dd76-4346-be9e-f160418f65ba.jpg,0
218,,0
219,imgs/cucumber_f2d90dd2-385d-44be-8aaf-5a12783f8d54.jpg,0
220,imgs/cucumber_dd185ab4-9a7f-446e-b3cf-38f8be0c25f5.jpg,0
221,,0
222,imgs/cucumber_e53d48dc-92ee-435b-bf98-deedcb4f65ec.jpg,0
223,imgs/cucumber_68703bdf-73ea-47e8-88db-bee614b711f4.jpg,0
224,imgs/cucumber_97ca8645-47dd-46ad-918b-06fcf521aafc.jpg,0
225,,0
226,imgs/cucumber_3c7033ae-fefb-4785-a2cb-a86e1546a714.jpg,0
227,,0
228,imgs/cucumber_7d01e634-85b0-440b-b5fa-47749d6ed630.jpg,0
229,imgs/cucumber_37a1838d-846b-4d29-84bc-fe1c18aea182.jpg,0
230,,0
231,imgs/cucumber_59e2d643-e80a-45c4-92dd-7adc04d45bb1.jpg,0
232,imgs/cucumber_58457155-c02a-4652-a61a-2e3490caacfb.jpg,0
233,imgs/cucumber_5b37e2f1-f34f-48b4-a031-82fb357ccf94.jpg,0
234,,0
235,,0
236,imgs/cucumber_284f79c7-c51b-495d-9d62-961e627a2845.jpg,0
237,,0
238,imgs/cucumber_dabf44a7-825a-40df-a699-04522106e6a0.jpg,0
239,imgs/cucumber_7d91b9ce-6704-4cc5-8447-9ccfadfc883c.jpg,0
240,imgs/cucumber_4e2e98f5-aaff-484d-8b8e-224f3a64f250.jpg,0
241,imgs/cucumber_0bc405cd-5a5e-4212-bba8-9670ef5c4891.jpg,0
242,imgs/cucumber_70406b2e-71a3-4c95-88da-189d720074e4.jpg,0
243,imgs/cucumber_6cdfb602-7610-45bb-a500-46fa2674ce3b.jpg,0
244,imgs/cucumber_01f417fc-3d85-4263-b712-22f96725e0eb.jpg,0
245,,0
246,imgs/cucumber_dcf327a6-04be-4650-b765-52e4f6667885.jpg,0
247,imgs/cucumber_969656d6-b69c-483e-ad9f-2152a09994d1.jpg,0
248,,0
249,imgs/cucumber_f1c19185-8435-4e9c-b33e-e5c733b75df2.jpg,0
250,imgs/cucumber_2a6d85cc-684d-4226-95ab-39b184369a32.jpg,0
251,imgs/cucumber_5310ec8f-2bea-46e3-9865-62f07829cb1d.jpg,0
252,imgs/cucumber_9482e764-6343-4c15-be8f-0e68e51a1815.jpg,0
253,,0
254,imgs/cucumber_462ce643-78b2-4560-9965-bf8898952c30.jpg,0
255,imgs/cucumber_5aa02548-88a2-4aa9-98fd-51e035a27c7c.jpg,0
256,imgs/cucumber_b97bbfe2-b4b8-4232-ab36-df86191060b6.jpg,0
257,imgs/cucumber_543ade3f-9493-45c9-820a-cb8281bb4787.jpg,0
258,imgs/cucumber_6355d67a-be73-422a-b531-78bb8bac078d.jpg,0
259,,0
260,imgs/cucumber_1d0e5582-6e2b-4944-b07d-7c399cf48461.jpg,0
261,imgs/cucumber_39a5f9b1-539b-4551-8607-c88d092efe78.jpg,0
262,imgs/cucumber_b0086dcb-ae2d-4512-98d8-83ae178dc747.jpg,0
263,imgs/cucumber_a3892db9-fab8-46de-91bf-2ab3fbe020c7.jpg,0
264,,0
265,imgs/cucumber_fc5be48f-6e68-4d83-bcb2-dfad030eb5f0.jpg,0
266,,0
267,imgs/cucumber_daa9ce2a-0b60-4d19-836b-dc58d66aba30.jpg,0
268,,0
269,,0
270,,0
271,imgs/cucumber_a4006587-cfd1-4ea8-811b-c44433591161.jpg,0
272,imgs/cucumber_68ae0962-6325-414a-9cab-6984805e600f.jpg,0
273,imgs/cucumber_fee67d72-d26e-48e2-9430-21cd862f30aa.jpg,0
274,imgs/cucumber_69b9de7b-dc4e-4cd3-988a-0c34fd026e46.jpg,0
275,imgs/cucumber_0ef2e957-ccd9-46e0-bab7-716641c6f862.jpg,0
276,imgs/cucumber_8117361e-6765-4918-8d42-c1b225049988.jpg,0
277,imgs/cucumber_2f3d94f5-5d6b-40d9-9d59-53b203fd1547.jpg,0
278,imgs/cucumber_2e714d33-5cc1-4eb8-a085-857662d3327d.jpg,0
279,imgs/cucumber_dd801a30-b14d-4787-a702-7ee19dba70e1.jpg,0
280,imgs/cucumber_e7dd4a19-4539-43c1-a22f-f1c3c404c764.jpg,0
281,imgs/cucumber_6a5ae86c-3324-4366-9fce-04daf791e374.jpg,0
282,imgs/cucumber_84d5399d-55c2-432c-8b02-1b5f16397fbb.jpg,0
283,imgs/cucumber_7608ef26-1d84-4dff-82ac-73b223603dc7.jpg,0
284,imgs/cucumber_73aacf34-29dd-4d41-a922-2d9160157871.jpg,0
285,,0
286,imgs/cucumber_a204fe61-ec0f-4aca-9b16-a065f08687fb.jpg,0
287,imgs/cucumber_229da8ea-20a1-4eb8-83f6-9b2096dd3d3d.jpg,0
288,imgs/cucumber_318f6ed7-144c-448a-be9b-70dcd579f6e8.jpg,0
289,imgs/cucumber_1bd31a28-3601-402b-8d0b-e1c7fd628090.jpg,0
290,imgs/cucumber_8f252d3b-00df-4b91-b031-df5882193aa3.jpg,0
291,imgs/cucumber_f1a005ea-9297-40b7-8c59-d7e46a5371ea.jpg,0
292,imgs/cucumber_fad60f77-0906-4636-8e9a-6a7e897ddcb0.jpg,0
293,imgs/cucumber_086ac393-5e5b-422c-8a83-799e8a77b38e.jpg,0
294,,0
295,imgs/cucumber_1d1b729d-77ff-4f5f-9572-3f4ecdbfe2ff.jpg,0
296,imgs/cucumber_6f5a54b6-d563-4aa0-9971-33fb82f293ba.jpg,0
297,imgs/cucumber_8247f638-8093-49a3-820c-5eea3a692e41.jpg,0
298,imgs/cucumber_8f1ceda2-223a-4bd7-aba4-34dd0cd1802b.jpg,0
299,,0
300,imgs/cucumber_443f1f62-6b70-4b32-af64-577db91a8558.jpg,0
301,,0
302,imgs/cucumber_0285d0c3-aefd-4906-b1df-3a6e18f5e87c.jpg,0
303,imgs/cucumber_536b79eb-b002-41d2-8e58-8d004a740a5f.jpg,0
304,,0
305,imgs/cucumber_e1bdaf39-8581-4986-8912-65deb4fd0d7d.jpg,0
306,imgs/cucumber_02fcef5f-4546-4976-a2b4-b43af02d0b9a.jpg,0
307,imgs/cucumber_762f2541-f36d-4751-9bb9-adf07bc76201.jpg,0
308,imgs/cucumber_c4906b19-a65b-4736-93a8-77bdacaf3fd3.jpg,0
309,,0
310,imgs/cucumber_9e84e557-0268-4b85-a77f-efba6286c839.jpg,0
311,,0
312,,0
313,,0
314,,0
315,imgs/cucumber_ac2e7daa-8d2f-471b-917a-bb7e2691d5d6.jpg,0
316,,0
317,,0
318,imgs/cucumber_31108701-1b3e-4ca3-8240-f9ca71aeb461.jpg,0
319,imgs/cucumber_efe5d0e8-c1d8-4cde-8701-5a135a5c0771.jpg,0
320,imgs/cucumber_5b0d8fd0-8e75-495f-bd95-d2cb0318c464.jpg,0
321,,0
322,imgs/cucumber_fec36252-2011-4b7f-a2e5-7a407ee99642.jpg,0
323,imgs/cucumber_3ff065f3-4296-462c-9151-5065f2ad9f90.jpg,0
324,,0
325,imgs/cucumber_21980b3b-2dbf-44f2-8bd0-1ab01283af7c.jpg,0
326,imgs/cucumber_9304346e-a053-4854-a834-c13dee67a606.jpg,0
327,imgs/cucumber_51a33faa-6b71-429d-9db5-bc0701b76b11.jpg,0
328,imgs/cucumber_a3839ad8-e96e-4c39-97b6-066ba1cb135b.jpg,0
329,imgs/cucumber_94c90ad9-8c72-49d1-b31d-d65129c76745.jpg,0
330,imgs/cucumber_ff6a4496-8dd7-49e4-9c60-ff21a5ed9dd5.jpg,0
331,imgs/cucumber_cb293ccd-43c4-4c17-866e-671356ca6849.jpg,0
332,imgs/cucumber_327f3969-12c2-452b-8977-45707f91f051.jpg,0
333,imgs/cucumber_bb1d796f-c8d1-4a40-8805-9669e35c7e06.jpg,0
334,imgs/cucumber_676cf4e9-afd1-4063-9f45-c3896f16cd4c.jpg,0
335,imgs/cucumber_d9c94782-8394-42d8-a1da-75c45be6e53a.jpg,0
336,imgs/cucumber_44c70999-a95d-4b01-b888-8372bac98f03.jpg,0
337,imgs/cucumber_3f7d8128-3f07-4ddc-b45f-481ff8cdb0fb.jpg,0
338,imgs/cucumber_2d7bfd1e-d7f1-46a9-ac5d-b9b9b6f998bb.jpg,0
339,imgs/cucumber_05961350-f100-4796-a1be-d1113c873ef9.jpg,0
340,imgs/cucumber_05956c8c-f662-481f-9693-ddb7ccd415cf.jpg,0
341,imgs/cucumber_3ecadd27-67e0-4ebe-ac0f-7a4f0699316e.jpg,0
342,,0
343,imgs/cucumber_1780c9cd-e77a-47a9-b1b2-b0a1658627ee.jpg,0
344,,0
345,,0
346,imgs/cucumber_bba8e608-4720-45fe-b918-09ea6850fee3.jpg,0
347,imgs/cucumber_8e85ad22-79bf-4dcf-b9b7-127be0f1446a.jpg,0
348,imgs/cucumber_004ec6bc-828e-43e3-b05e-e8f5057601b6.jpg,0
349,imgs/cucumber_ecdce106-ab03-462c-a513-e4dec1b62b4b.jpg,0
350,imgs/cucumber_d79766d9-ce98-4db7-9364-0b25991a48e9.jpg,0
351,,0
352,,0
353,imgs/cucumber_20cb3b25-cadb-45cb-b47d-4069a5c8ff15.jpg,0
354,imgs/cucumber_e6cf6427-802c-42cb-b9d6-ad41e81e1d9b.jpg,0
355,imgs/cucumber_cbd68246-92cd-4707-a4cb-bf6610eb31e5.jpg,0
356,imgs/cucumber_e99d8f1d-56ef-4913-a2bc-3e858b2f3dca.jpg,0
357,imgs/cucumber_7bfae344-5cf0-4651-87e6-f61818239034.jpg,0
358,,0
359,imgs/cucumber_bbd8a73d-eecf-45a0-9fc7-d64a9d54b840.jpg,0
360,,0
361,,0
362,imgs/cucumber_a1553bff-0548-428d-956b-948a31125e1d.jpg,0
363,imgs/cucumber_9e401faf-08aa-436d-8b7c-77587b0f3de5.jpg,0
364,,0
365,imgs/cucumber_2b75c273-0231-462e-87dd-fdbaa4a2d2a3.jpg,0
366,imgs/cucumber_6403e76c-fa93-47c9-9f9c-b68597511b9d.jpg,0
367,imgs/cucumber_c140d2c1-9704-48a1-9126-023c7deedc5a.jpg,0
368,imgs/cucumber_3d4b5232-0761-484a-a4a7-79a319ca2f4f.jpg,0
369,imgs/cucumber_97f37190-9246-462b-9c9a-ff15947aa63c.jpg,0
370,imgs/cucumber_75b47643-f80f-4232-90a2-67461f3523e0.jpg,0
371,,0
372,imgs/cucumber_b0d11f42-4d47-4349-bd7f-30d73b435cd6.jpg,0
373,,0
374,imgs/cucumber_99ddaf57-e2d5-4d27-b34a-c6a2034b4a43.jpg,0
375,imgs/cucumber_b16f2d83-5f11-4d9d-84b8-2b0afcbff07d.jpg,0
376,,0
377,,0
378,imgs/cucumber_d4d7482a-2f7e-46b2-b496-ad611069765a.jpg,0
379,imgs/cucumber_e8f8793a-abc5-4280-a84d-4c1f8cac82b9.jpg,0
380,,0
381,imgs/cucumber_0bc7a435-c33b-4fcd-8486-6163d489e880.jpg,0
382,,0
383,,0
384,imgs/cucumber_937b5d2c-9b76-4265-bcba-5c5f1bd4ecb8.jpg,0
385,,0
386,imgs/cucumber_49622777-d15f-4d7e-be70-153f50fd7dbb.jpg,0
387,,0
388,imgs/cucumber_97bb2fad-6444-402c-9d51-eb6eeb50c025.jpg,0
389,,0
390,imgs/cucumber_16619a55-b413-4a08-8488-298eb0464aae.jpg,0
391,imgs/cucumber_2ac7f7c7-8c66-4a89-97dc-f97b8e8766f7.jpg,0
392,imgs/cucumber_82734be8-d7fd-43e0-8e60-985f70eb52f7.jpg,0
393,,0
394,imgs/cucumber_809c636c-c45d-4913-b2a8-1a373f79a46e.jpg,0
395,imgs/cucumber_0e8ab094-e296-44e0-9f0e-c4ea5d24d668.jpg,0
396,imgs/cucumber_0bcbdbc2-05cc-44dd-9723-29d35bc49141.jpg,0
397,imgs/cucumber_7f8d57d3-29de-4e77-97b5-12b84b35c834.jpg,0
398,,0
399,imgs/cucumber_c5747076-b67b-41d7-88f9-fed237224ce0.jpg,0
400,imgs/cucumber_3170b5e9-156c-458b-abf8-cead0050694d.jpg,0
401,imgs/cucumber_54dfe2af-6d85-440c-924d-ba710b62b56f.jpg,0
402,,0
403,,0
404,,0
405,imgs/cucumber_b06cc02c-4496-475f-9252-8462b6080c08.jpg,0
406,imgs/cucumber_d99bfda0-7e55-4837-9b58-6fdc51f43b6c.jpg,0
407,imgs/cucumber_65ec8a15-fe89-4825-b60c-80111ded1a5a.jpg,0
408,imgs/cucumber_c0cbecb0-2ead-4774-9fc8-3a66c2344ec3.jpg,0
409,imgs/cucumber_59e58afb-ae6a-4675-9105-e51a775807a3.jpg,0
410,,0
411,imgs/cucumber_0a8c6755-53e5-4a34-a587-0edfbb769ed1.jpg,0
412,imgs/cucumber_01dc326b-8009-419c-abc0-1c8eef80fec2.jpg,0
413,imgs/cucumber_15090fe4-ffd0-4f45-a19c-187af5eb6d41.jpg,0
414,imgs/cucumber_97e50681-0799-4690-896f-34ad2519b87f.jpg,0
415,,0
416,imgs/cucumber_b35ee0e1-541f-4962-b353-83030ab47503.jpg,0
417,imgs/cucumber_05b8c22a-5fcd-4e56-968c-488218bbf937.jpg,0
418,imgs/cucumber_72a0eee6-8749-43ad-bfe6-44bebad2cf17.jpg,0
419,,0
420,imgs/cucumber_57c17587-671c-4643-b516-19d4476fd00b.jpg,0
421,imgs/cucumber_10ccc80c-272c-4ec5-8269-fe6efc3b03ce.jpg,0
422,imgs/cucumber_a3a5feb9-bd61-4e4b-bfe6-cbcd88e84cb4.jpg,0
423,,0
424,imgs/cucumber_9cd36d49-fde2-4a7b-8dc7-0b7457c87a01.jpg,0
425,,0
426,imgs/cucumber_e271f25c-6c22-4595-89b3-5e1eb9d9a5a5.jpg,0
427,,0
428,,0
429,imgs/cucumber_9ec4b130-dea4-4705-84bf-8d6326db5538.jpg,0
430,imgs/cucumber_927bb5bc-7d1e-46f2-864b-ea9fda4e54ba.jpg,0
431,imgs/cucumber_a33334ad-db83-4dd3-bc1e-2e6dbc650f2e.jpg,0
432,imgs/cucumber_54246117-8929-46db-9946-d639d775c6ba.jpg,0
433,imgs/cucumber_3c6ab59d-6a40-45f5-a39f-5f0bd2a22835.jpg,0
434,imgs/cucumber_d578283f-0199-473d-9f6c-efe46cca0046.jpg,0
435,imgs/cucumber_e62da42c-42bf-46fc-bd35-4c1802013d2c.jpg,0
436,imgs/cucumber_d2711b4c-1b6f-4f41-a343-2e4923f1ea70.jpg,0
437,imgs/cucumber_9a767673-658c-4439-bc1a-89de202e0dc3.jpg,0
438,,0
439,imgs/cucumber_1f94b735-5892-4d7d-9782-d904c4857748.jpg,0
440,imgs/cucumber_db0b99a8-8507-406a-8dd7-c8851a89916f.jpg,0
441,,0
442,,0
443,,0
444,imgs/cucumber_a71eaff3-5a09-4598-86bc-9217f5e78dba.jpg,0
445,imgs/cucumber_84c4ee7a-34e9-4ac5-9508-c5ce34fc635f.jpg,0
446,imgs/cucumber_e645903b-38b2-4105-bd67-28493cf3f95f.jpg,0
447,imgs/cucumber_4f88116b-67f1-41ef-b56f-a0367342ce7d.jpg,0
448,imgs/cucumber_503c3493-aba4-4e6c-b5fe-9f3121232f13.jpg,0
449,,0
450,imgs/cucumber_5dfca3ef-8444-4631-aaac-4520a61450ef.jpg,0
451,,0
452,,0
453,imgs/cucumber_2a0cf292-2ecd-4a83-8535-16c4e0e29f19.jpg,0
454,imgs/cucumber_143ef08b-55bd-49fd-8741-118d2b57bee5.jpg,0
455,imgs/cucumber_6ea3be83-7961-4886-8589-5622a2f879bc.jpg,0
456,imgs/cucumber_7ff9132e-5b77-4c49-af6f-8637834ab2ad.jpg,0
457,,0
458,imgs/cucumber_305c6eef-b4ba-4a96-a519-adba3e4a2aa2.jpg,0
459,imgs/cucumber_4a1e2c9b-fdaa-40c3-bea7-99b5e1d32d57.jpg,0
460,imgs/cucumber_91beafd4-e975-43ff-a9aa-48f1ccff521e.jpg,0
461,,0
462,imgs/cucumber_7b1f4dba-f8c1-4468-8e23-df780bde67ff.jpg,0
463,imgs/cucumber_7ea89116-ef5b-48c7-ae74-ff8eb55f83dc.jpg,0
464,imgs/cucumber_f86c6d29-77b4-4798-a2a7-be2a8393359b.jpg,0
465,,0
466,,0
467,imgs/cucumber_25ded685-a4d4-4bcd-b9d5-1fef351ff309.jpg,0
468,,0
469,imgs/cucumber_a85368d2-520b-4704-aec3-0bfa1030669c.jpg,0
470,imgs/cucumber_452f4d5a-7133-44cd-8958-170eec5e4c82.jpg,0
471,,0
472,,0
473,imgs/cucumber_8b4faf08-bdee-4fde-92d8-113eb7d029e8.jpg,0
474,imgs/cucumber_b7f3b332-e8c6-4cfe-8966-392b93542409.jpg,0
475,,0
476,,0
477,,0
478,,0
479,,0
480,imgs/cucumber_ccdfede2-4343-48a6-b64e-06fd5f3f7523.jpg,0
481,imgs/cucumber_bede26ac-7d90-4d1c-b9cb-74f7f91cad88.jpg,0
482,,0
483,,0
484,,0
485,imgs/cucumber_a4d03211-f930-413c-b511-432406bf4a35.jpg,0
486,imgs/cucumber_cf0ff8e8-1d19-488f-b5b8-4b59c289d56c.jpg,0
487,,0
488,,0
489,imgs/cucumber_2bdbd58a-a618-4a91-9486-c48e3e4c4127.jpg,0
490,imgs/cucumber_866fe391-40b0-49da-862f-e48501c5ff99.jpg,0
491,imgs/cucumber_ceb8a700-989e-48f9-bd76-d1b1538f3791.jpg,0
492,imgs/cucumber_b31f7e9e-c8cd-48d8-af2d-656f5ee5edcc.jpg,0
493,imgs/cucumber_6919b156-ff34-45ff-b291-f6c41ec3a3f3.jpg,0
494,imgs/cucumber_fde29887-46c8-4d85-9383-451c16b996e5.jpg,0
495,,0
496,imgs/cucumber_662b9b36-0b5b-49c9-ad44-9847abf17f33.jpg,0
497,imgs/cucumber_0590a12e-7ae6-49a7-a660-dc1d3d43e3ab.jpg,0
498,imgs/cucumber_175668a5-c85c-4764-acb3-d0bdc1f800b4.jpg,0
499,imgs/cucumber_1c927aba-6947-43c7-b561-8fc282d15e1f.jpg,0
500,,0
501,imgs/cucumber_0085a652-bf79-4c62-a3c6-013ab5b661f0.jpg,0
502,imgs/cucumber_a7e2e876-091f-4e2c-aa4a-ceae025be594.jpg,0
503,imgs/cucumber_e0aaa93a-3758-440c-8a5b-c82e64f4871f.jpg,0
504,imgs/cucumber_93650a2c-8106-42e3-9266-3498bd73bd1d.jpg,0
505,imgs/cucumber_6db92b30-8ff8-41dd-9db4-0479d66eedbe.jpg,0
506,,0
507,,0
508,imgs/cucumber_e1da6b8d-e713-4e34-8367-a9f0b98ee760.jpg,0
509,imgs/cucumber_56a9df8e-ec71-4268-ac72-7d810c752a80.jpg,0
510,imgs/cucumber_c30b33c2-44dc-4320-8d1f-0cfc688850fe.jpg,0
511,,0
512,,0
513,,0
514,imgs/cucumber_ec1823ac-7c19-470a-bc94-24fe70538142.jpg,0
515,,0
516,,0
517,imgs/cucumber_79e5ddff-440f-4b36-bf93-9d2856cae551.jpg,0
518,imgs/cucumber_8ffd3cd4-acdc-4735-9a0d-6ac4e8e6cc84.jpg,0
519,,0
520,,0
521,imgs/cucumber_d06c2605-3075-4d0c-b264-5a98657a6207.jpg,0
522,,0
523,imgs/cucumber_ed9586d9-f453-46a2-8f9a-f581be579816.jpg,0
524,,0
525,imgs/cucumber_5fa79329-0e02-46d5-87a1-cc3365b1a582.jpg,0
526,imgs/cucumber_5b5fed7c-e529-45e7-ab40-8fa718494d4f.jpg,0
527,imgs/cucumber_ff4a5dc6-a280-42b4-b260-308a8c77406a.jpg,0
528,imgs/cucumber_60badc39-547a-4cd3-8529-5b47b994bf39.jpg,0
529,imgs/cucumber_572c9d89-5c55-4824-a926-7b11474c47d2.jpg,0
530,,0
531,imgs/cucumber_df7adde3-6964-4595-8960-01347c394018.jpg,0
532,imgs/cucumber_eea71f71-6ded-419c-8b4e-1091d97c666a.jpg,0
533,,0
534,imgs/cucumber_f54594a8-b587-4743-b3aa-8547ae0ed149.jpg,0
535,,0
536,imgs/cucumber_646c5109-764a-4ddc-b212-be742d5ae5ed.jpg,0
537,imgs/cucumber_e628806e-f093-491a-abb7-a75fbd008a3b.jpg,0
538,,0
539,imgs/cucumber_d904c939-783a-4d83-932d-2c83bf584246.jpg,0
540,imgs/cucumber_a2de7eb2-c735-44f0-ae94-9de91bceb662.jpg,0
541,imgs/cucumber_f2bb73bf-43e6-4d08-948f-fb178c905298.jpg,0
542,imgs/cucumber_7ec1afad-7005-45f4-8e05-9b52efbcbb6d.jpg,0
543,,0
544,imgs/cucumber_bafe8a27-9bd7-4031-99c8-bcddb31f76d6.jpg,0
545,,0
546,,0
547,imgs/cucumber_19ad55b4-c917-4acf-a3a8-bdf271e5fc4b.jpg,0
548,,0
549,imgs/cucumber_7a9a7313-0018-470c-812f-059f053dad9d.jpg,0
550,imgs/cucumber_54b59d9d-eb8e-4dc9-a0bd-891167ef5cae.jpg,0
551,,0
552,imgs/cucumber_5dc848c4-55de-4acf-ad10-6778ab4c32aa.jpg,0
553,,0
554,imgs/cucumber_e9de71fd-c3cf-4919-9798-b8b4d98b245a.jpg,0
555,,0
556,,0
557,imgs/cucumber_465f1e18-b58d-4054-8aec-71f60d13801d.jpg,0
558,imgs/cucumber_9ccc4366-1124-496b-ac0a-4cc0ad734465.jpg,0
559,,0
560,imgs/cucumber_17a9b887-1531-4e91-bb4d-5ab0aa39230c.jpg,0
561,,0
562,imgs/cucumber_ab737352-7c8b-4666-8b58-73ae362a28ac.jpg,0
563,imgs/cucumber_edd839b0-2410-4a61-b1d5-d37abce820e0.jpg,0
564,imgs/cucumber_14ecf09a-d59e-4190-8d56-7bd5cfd7c3fb.jpg,0
565,,0
566,,0
567,,0
568,imgs/cucumber_a648b8d2-0ee7-463a-a04a-b280a5d0cacb.jpg,0
569,imgs/cucumber_2b445671-e930-42af-a3f2-66070f1351bd.jpg,0
570,imgs/cucumber_81945d38-557c-47b0-aed4-1d5fe07b29f0.jpg,0
571,imgs/cucumber_d23824d3-913e-443f-94af-dc29b3110006.jpg,0
572,,0
573,imgs/cucumber_09d2e089-7e72-49e0-9350-b7ad99ba6af5.jpg,0
574,imgs/cucumber_f1c0b155-2818-46b5-9885-6c4c1c2369af.jpg,0
575,imgs/cucumber_e32fa59a-e65e-4956-b1cd-d5b46b17487e.jpg,0
576,,0
577,,0
578,imgs/cucumber_2e1f32bf-d5fe-48c4-a550-8932b496e404.jpg,0
579,,0
580,imgs/cucumber_1b0dee15-a0b0-41b7-a1f0-548fdbfe6602.jpg,0
581,,0
582,imgs/cucumber_19c55412-ac9b-4193-9874-42055f548462.jpg,0
583,,0
584,,0
585,,0
586,imgs/cucumber_0df5cb12-3279-4b2b-a88c-4c4cbd8bca0f.jpg,0
587,,0
588,,0
589,imgs/cucumber_2fad3e6d-e2ca-4d47-afca-3b7797256518.jpg,0
590,,0
591,imgs/cucumber_621fe725-9a31-4e96-8148-5535aa0d1c8b.jpg,0
592,imgs/cucumber_6e21d489-4698-4ddf-a61a-29131c188f76.jpg,0
593,imgs/cucumber_30a7e3b6-e2ff-4d96-aa1e-239bbefdc767.jpg,0
594,imgs/cucumber_288ddb46-09d2-4931-8390-014fa4befccf.jpg,0
595,imgs/cucumber_a0117b85-ce0c-414c-8fce-f9c7c297130f.jpg,0
596,imgs/cucumber_41ae2f7a-3780-4325-b08e-b8cd5d6741a7.jpg,0
597,,0
598,,0
599,imgs/cucumber_b6a606fb-2990-47b5-a001-f1342ddab51b.jpg,0
600,,0
601,imgs/cucumber_bd2e7ea8-8f80-4238-b064-d4c48e8ced12.jpg,0
602,imgs/cucumber_911369b5-495e-4cda-9ae6-697d24125278.jpg,0
603,imgs/cucumber_667882a7-178b-4c31-b0b0-ee869bc0573f.jpg,0
604,imgs/cucumber_30fa3255-1c23-4355-a85b-cc33d4071bab.jpg,0
605,imgs/cucumber_a82e4261-92b2-4af3-a45b-203266bcbbb5.jpg,0
606,,0
607,imgs/cucumber_10d4b3c4-b5f4-4c90-b4c4-cf8874380c39.jpg,0
608,,0
609,,0
610,,0
611,,0
612,imgs/cucumber_6d2ac056-8cdc-45d7-87cb-30a327e772ea.jpg,0
613,imgs/cucumber_17a05ee4-8140-4465-9b7a-df900e4901c7.jpg,0
614,imgs/cucumber_0495cbf7-6e6f-45b9-a196-81deb786a876.jpg,0
615,,0
616,imgs/cucumber_ca9382bd-ebbc-42ae-9182-52e6f0e8c3b9.jpg,0
617,,0
618,imgs/cucumber_f2de6414-dfc0-44ae-806e-3e5e903114ed.jpg,0
619,imgs/cucumber_2263f632-1cb7-49e0-9d6b-6b72d2aa63f9.jpg,0
620,imgs/cucumber_44701e17-31f6-4b03-b56e-588d8e5804d5.jpg,0
621,,0
622,imgs/cucumber_e299498a-59ac-4fbf-a7c6-d31ce3f3f5e6.jpg,0
623,imgs/cucumber_cbc9256b-b092-432b-a393-6909f5ce2a10.jpg,0
624,imgs/cucumber_79e20b60-5dc4-45d3-b36f-d2e6724727ea.jpg,0
625,imgs/cucumber_a54b9e7a-05ee-491e-923e-706ab26974cc.jpg,0
626,imgs/cucumber_c9e23027-ef95-4473-a5e9-355e1dd7c6fd.jpg,0
627,,0
628,imgs/cucumber_d45c1ecf-3c1c-480f-b73a-d730445018be.jpg,0
629,,0
630,,0
631,imgs/cucumber_0a60b7cb-e136-4d68-a30a-0da123e9fda0.jpg,0
632,imgs/cucumber_6aab97bd-2445-4943-95cf-6cb62e79bc64.jpg,0
633,imgs/cucumber_89abb19e-a316-42e3-a4aa-0c6d8f1c4cd7.jpg,0
634,imgs/cucumber_f97b9198-7570-41aa-8355-f8bed3f62d45.jpg,0
635,imgs/cucumber_b5433fb0-0b36-49c6-b844-d4b79d953a03.jpg,0
636,imgs/cucumber_450b850f-352d-422e-992c-a74c52706a08.jpg,0
637,imgs/cucumber_0317dce2-1af8-4f5a-9d5e-521d3e4e6991.jpg,0
638,imgs/cucumber_669f7fdb-1928-4dae-967b-36d7c8e09883.jpg,0
639,imgs/cucumber_97a5fd0f-2236-4966-b801-ea20934ca144.jpg,0
640,imgs/cucumber_e03c398a-a72a-4d68-b692-4355d6ada815.jpg,0
641,imgs/cucumber_3d649b2c-b099-4bf5-aa72-4fe13dc8b41a.jpg,0
642,imgs/cucumber_1f527106-2ceb-4f6b-aeda-5786106b5c54.jpg,0
643,imgs/cucumber_e96b0e84-da45-4b00-aab3-958ba8ada682.jpg,0
644,imgs/cucumber_7a853dc0-a6e9-40e6-b2b0-d2856e7cc608.jpg,0
645,imgs/cucumber_0b376f1e-fc57-4e80-9d38-81c153faee23.jpg,0
646,imgs/cucumber_7db012b9-3cc9-4bf1-8875-b16c686e83f0.jpg,0
647,,0
648,,0
649,imgs/cucumber_500ad624-3e41-40a9-8cb2-fbd923690bc2.jpg,0
650,imgs/cucumber_da0dd3b3-4497-43de-8255-0ebd33071d30.jpg,0
651,imgs/cucumber_accd0665-fe14-42bd-b7fe-af9be0fd4276.jpg,0
652,,0
653,imgs/cucumber_d6e0a84b-4bf9-43a9-9381-bb7769635b72.jpg,0
654,,0
655,imgs/cucumber_ee74653e-bac8-4c45-83d8-5d6ff9e08475.jpg,0
656,imgs/cucumber_c628ad4d-09e6-4ad0-af6b-73a2b31055aa.jpg,0
657,,0
658,imgs/cucumber_b6edc698-6ea6-48d4-990e-fb6009164338.jpg,0
659,imgs/cucumber_f67451a9-f013-4b9d-b6fe-132f08ee1979.jpg,0
660,imgs/cucumber_6cc01db4-ab30-43c2-a751-88c4394bc6cf.jpg,0
661,imgs/cucumber_b6039a51-87fa-4a07-87ce-27a3d5c04f73.jpg,0
662,,0
663,imgs/cucumber_91ae4cfe-bf19-4011-a373-447d12976a3a.jpg,0
664,imgs/cucumber_06fb4505-5050-4910-b5a2-fff6d3286b62.jpg,0
665,,0
666,imgs/cucumber_4cac4675-8d08-40ab-a350-40cd408783e4.jpg,0
667,,0
668,imgs/cucumber_4b075330-22b1-4229-af76-47747e6ac9f5.jpg,0
669,imgs/cucumber_1e61a803-55b7-4307-a166-1e2fbb5f09a8.jpg,0
670,imgs/cucumber_0e612196-84c3-4280-a68b-88ba022a08f5.jpg,0
671,imgs/cucumber_56840b87-ca2b-44a0-9d57-a1f163b18e6f.jpg,0
672,,0
673,imgs/cucumber_cfd25ae3-101b-4de2-a2ec-8ab0658baf48.jpg,0
674,imgs/cucumber_acc5ca00-a1ef-42e8-afa1-8f27efda4197.jpg,0
675,imgs/cucumber_b89b5963-52d8-47c1-b74d-5afb4dd4b040.jpg,0
676,imgs/cucumber_fa60a225-705b-405a-b6f3-6321ea8ebd4a.jpg,0
677,imgs/cucumber_2ce09582-848a-4468-93ff-4d82015a65c2.jpg,0
678,,0
679,imgs/cucumber_317d0594-ba94-481e-87c5-aefc4197da5e.jpg,0
680,imgs/cucumber_39d00c32-c34c-44b0-bed4-9fa81de48314.jpg,0
681,imgs/cucumber_64301a9e-e85e-48a9-bc5b-48281e273cc4.jpg,0
682,imgs/cucumber_e1b82c39-dec0-42c0-9b58-a9431f0a8903.jpg,0
683,imgs/cucumber_f56f9365-1fc9-4766-aac0-e18af12d84a2.jpg,0
684,imgs/cucumber_63f6b63f-18f3-4b08-a0f8-84141640a8d4.jpg,0
685,imgs/cucumber_f547625e-e75f-4848-adcf-49e446181190.jpg,0
686,imgs/cucumber_affc01a4-3d40-45e3-8481-c87f093df9ba.jpg,0
687,,0
688,imgs/cucumber_7a604933-0300-4b52-ae5b-765903cd0966.jpg,0
689,,0
690,,0
691,,0
692,imgs/cucumber_c809e146-b7cb-458e-a744-dea7f45b95dc.jpg,0
693,imgs/cucumber_e30a7170-f372-4554-ade3-0bb78f0bcba1.jpg,0
694,imgs/cucumber_77d86dc0-d456-4d25-bf89-8da2dd009f8b.jpg,0
695,imgs/cucumber_1ccc6346-1eb0-4d94-b166-c457c28b4df2.jpg,0
696,,0
697,imgs/cucumber_4f6c047e-b342-4e1d-82cd-8236d6911ad1.jpg,0
698,imgs/cucumber_0c296af0-fe4d-4cf8-a8d5-ed05a41eeebe.jpg,0
699,,0
700,,0
701,imgs/cucumber_8cff661b-0311-4e97-b0c8-c7b1e629cc47.jpg,0
702,imgs/cucumber_db7584a1-e5be-4c14-9060-c39b9f72b586.jpg,0
703,imgs/cucumber_d41372ad-f6ff-4927-ab45-50b3104e8f8d.jpg,0
704,imgs/cucumber_2253ba8e-a94b-4497-b5ef-6ce67bf56b70.jpg,0
705,imgs/cucumber_2c3781be-8a69-4170-bccf-1092803d9e26.jpg,0
706,imgs/cucumber_ce1d925e-a75a-4636-8c4b-2627441f95d4.jpg,0
707,imgs/cucumber_3b7164b3-8531-488d-b1e2-82de3bf8111e.jpg,0
708,imgs/cucumber_1a638051-03e9-4c4d-8e06-f3fb007ace0d.jpg,0
709,imgs/cucumber_fe9a4b8a-adaa-49b3-b624-d87d38f9cdaa.jpg,0
710,,0
711,imgs/cucumber_e36e6573-128f-4142-ba03-9e36356b97cc.jpg,0
712,imgs/cucumber_c8e7675e-6c76-4bf9-8235-c755cb64eb15.jpg,0
713,imgs/cucumber_6fa5f6e5-8eb8-45dc-b1e9-d128621cdb21.jpg,0
714,,0
715,imgs/cucumber_cca2a7cd-390a-46c3-82a2-a056eaa4d3d6.jpg,0
716,imgs/cucumber_d21c900e-cb5b-43a6-877a-6c433164e9a7.jpg,0
717,,0
718,imgs/cucumber_282be07b-b120-42a3-8922-fb44c2c34dd6.jpg,0
719,imgs/cucumber_077e0712-b79c-4020-a102-7d51ff957ca8.jpg,0
720,,0
721,imgs/cucumber_72833690-437e-48d9-88a4-7824f2c5e79f.jpg,0
722,,0
723,imgs/cucumber_90c3c76c-4e56-49be-9881-e1584fe30e44.jpg,0
724,imgs/cucumber_c708e17a-2fba-47de-95e6-b022e31807d0.jpg,0
725,imgs/cucumber_dfc8fd34-dd49-4756-97ed-006df9b12afd.jpg,0
726,imgs/cucumber_26327071-b978-4046-8719-f6c6c8612a33.jpg,0
727,,0
728,,0
729,imgs/cucumber_0d9ab52e-4fe6-490c-8f0e-2ec002ae89dd.jpg,0
730,imgs/cucumber_b0d9c0c9-0d4a-48f5-8291-6080754ddde7.jpg,0
731,,0
732,imgs/cucumber_9ca16655-2e0c-4dfd-be70-bdf3ec613845.jpg,0
733,,0
734,imgs/cucumber_c7577714-5d01-4dae-9b1d-83357881a708.jpg,0
735,imgs/cucumber_48d6b9aa-a9cc-4da3-a9c3-d9b898e76f1f.jpg,0
736,,0
737,,0
738,imgs/cucumber_35229c76-43e4-453f-9149-6005eaa80473.jpg,0
739,imgs/cucumber_3e3439a7-4179-4482-a03c-b879b6091702.jpg,0
740,,0
741,imgs/cucumber_733a2dd2-6874-42a8-a33e-52012038dcd5.jpg,0
742,,0
743,imgs/cucumber_b2d9dd92-0593-4ac0-b2e2-334c206f31dd.jpg,0
744,imgs/cucumber_9bfb340e-348c-4683-a076-f150dc1efc29.jpg,0
745,,0
746,imgs/cucumber_28eca8a7-9b7e-4e17-abe3-fe6cd30fbb5e.jpg,0
747,,0
748,imgs/cucumber_5113899f-b9d1-4917-9ebe-7f96061a4a32.jpg,0
749,,0
750,imgs/cucumber_fd27c07b-daa5-453d-9731-18c2c681b81a.jpg,0
751,,0
752,imgs/cucumber_4c761b9a-ee6a-490e-a235-a6bf95166596.jpg,0
753,imgs/cucumber_3a06595b-5bbd-40ed-afbf-5744cd640496.jpg,0
754,imgs/cucumber_31dbffd6-d94f-4a5a-bf59-83a55d104a9f.jpg,0
755,imgs/cucumber_cc6319ec-b153-423f-bcb6-613a7665d2c6.jpg,0
756,imgs/cucumber_4d92503e-8155-4014-af17-c055aaf01f77.jpg,0
757,,0
758,imgs/cucumber_ae14ce8c-e49b-4fcb-a815-dd046648d767.jpg,0
759,imgs/cucumber_5601bc3a-e6d1-411d-b137-7bc271adb2f8.jpg,0
760,imgs/cucumber_e846e9c9-8c69-4220-b592-579f603d1423.jpg,0
761,,0
762,imgs/cucumber_9743c4fe-cf83-4640-ab16-75013debbb4c.jpg,0
763,,0
764,imgs/cucumber_290e47fc-7513-448e-92a9-63c3cdd03a5f.jpg,0
765,,0
766,imgs/cucumber_a8dff8b5-8736-4a96-80a2-ec1908510222.jpg,0
767,imgs/cucumber_0f1318f0-c5cf-4523-a36f-30167f0d8c36.jpg,0
768,,0
769,imgs/cucumber_79351fd2-c9ed-4eae-b3d4-34f490fdfb09.jpg,0
770,imgs/cucumber_76a9c57e-8214-40e9-881e-fe1c56c8ef3d.jpg,0
771,imgs/cucumber_9593334a-0c67-4d6d-99cf-a817d976ae02.jpg,0
772,imgs/cucumber_9dbe7ed3-094a-44d3-a979-836fcaa0be1a.jpg,0
773,,0
774,,0
775,imgs/cucumber_a37ffaeb-f0c5-4ac9-b2fa-22064a36c74b.jpg,0
776,,0
777,imgs/cucumber_b9a99c07-5f55-46e5-8b9d-4186382fc46e.jpg,0
778,,0
779,,0
780,imgs/cucumber_999c3064-e6cd-417d-a090-99b35c7e2cdb.jpg,0
781,,0
782,,0
783,imgs/cucumber_6f506271-2c46-4297-9920-51995c94838d.jpg,0
784,imgs/cucumber_136bf17b-5c30-457b-a7a5-6cf831854c9d.jpg,0
785,imgs/cucumber_b6195e93-2b16-4699-ae56-46ca1abdc46e.jpg,0
786,imgs/cucumber_5e1bcd5d-ec82-4444-b2e4-49c0ed65f22a.jpg,0
787,imgs/cucumber_2504bb97-2327-4bfb-b4e8-009355eea018.jpg,0
788,imgs/cucumber_a1caacee-f565-4323-8c57-6e559abea846.jpg,0
789,imgs/cucumber_2b90f4c7-98a0-4056-9b3a-a6f8b56d1e79.jpg,0
790,imgs/cucumber_b551c8b1-e7d8-4cdf-b3c4-e387023a33f3.jpg,0
791,,0
792,,0
793,imgs/cucumber_89e2343c-c41d-4544-9bdd-3a89599ab8a1.jpg,0
794,,0
795,,0
796,imgs/cucumber_c80be500-aae1-48a5-8904-ae79ad186f48.jpg,0
797,imgs/cucumber_7ee3aaad-fc4d-4a69-8ba0-7bfb8b43b2a7.jpg,0
798,,0
799,,0
800,imgs/cucumber_90d8accd-f033-494e-be25-b5ffcf2848d9.jpg,0
801,imgs/cucumber_f29ed187-4cfd-4738-9bc6-b403424a0d49.jpg,0
802,,0
803,,0
804,imgs/cucumber_1241acf8-ae97-4b07-b292-0be074c4ab79.jpg,0
805,imgs/cucumber_f4cf6681-ff18-4aae-9b74-e61007d7aba5.jpg,0
806,imgs/cucumber_00bb98af-a757-4071-9db0-69615be39c96.jpg,0
807,imgs/cucumber_f01601c5-b8a3-4861-926e-fb151b8fbf61.jpg,0
808,imgs/cucumber_dc778b38-d857-42eb-a65c-e2257a12fc89.jpg,0
809,,0
810,,0
811,imgs/cucumber_8b251d62-932b-4223-b684-e386e155fc57.jpg,0
812,imgs/cucumber_954a7da7-c425-453f-89b7-19cfffbd5cb4.jpg,0
813,imgs/cucumber_f0981754-61fc-417b-89b7-c5304edcb288.jpg,0
814,imgs/cucumber_c9c82cc1-4521-44dd-8725-23d472110bca.jpg,0
815,,0
816,imgs/cucumber_bc2574b5-1b31-408c-a71e-ad2673c8bd6e.jpg,0
817,imgs/cucumber_23f559b6-5255-4faa-a3e0-2e3d8b8099c4.jpg,0
818,imgs/cucumber_169103dc-4220-4a65-ae84-81b82ac984e7.jpg,0
819,imgs/cucumber_a30983f3-d646-4bcc-b1ed-29fa1f51dd26.jpg,0
820,imgs/cucumber_f455356a-3c3d-490c-8fc4-d3d5ac9e6225.jpg,0
821,imgs/cucumber_9d06c80e-40c6-4822-a12f-fbf767ab2b72.jpg,0
822,imgs/cucumber_ad1fade8-4bff-4bdb-9ff3-f3f5b564e205.jpg,0
823,imgs/cucumber_5b38889a-1cae-4eaa-9593-ea72f1fcde65.jpg,0
824,imgs/cucumber_827d6667-565f-42e6-91b9-44217b855827.jpg,0
825,imgs/cucumber_daa5524c-7bc4-49cd-a010-95cc6a71b7aa.jpg,0
826,imgs/cucumber_36e2f3c1-33a4-4361-8641-a1475c519e2d.jpg,0
827,imgs/cucumber_877b989e-6550-4614-9f91-531b23b1648b.jpg,0
828,imgs/cucumber_9e974aa9-705e-4837-8f74-d4a699d327d2.jpg,0
829,,0
830,imgs/cucumber_2fe10673-e57b-4ba2-9b46-2b72f978b48b.jpg,0
831,imgs/cucumber_7d48ed53-1443-4909-9ae9-e0a7ee1f90d0.jpg,0
832,,0
833,imgs/cucumber_7db9ce09-6e0c-4e31-83d6-112362cc54a5.jpg,0
834,,0
835,imgs/cucumber_c855916f-8ef2-43fb-b973-71ffadc568b2.jpg,0
836,imgs/cucumber_577781f3-23be-4439-8fb2-7d844c378e92.jpg,0
837,imgs/cucumber_c3ffa5f1-a272-4801-8a73-dfe8897d17db.jpg,0
838,,0
839,,0
840,imgs/cucumber_a2db1753-bea3-443a-97d9-3a42fe1481c2.jpg,0
841,,0
842,,0
843,,0
844,imgs/cucumber_0dabd8e2-8187-412d-ab4c-662a1153aadc.jpg,0
845,,0
846,,0
847,imgs/cucumber_e64b5c24-6a81-42fe-94dc-75da64c6a313.jpg,0
848,imgs/cucumber_cb0c8c91-3489-40a2-9874-15096a2aaa28.jpg,0
849,imgs/cucumber_4ac23e42-b472-4171-b266-9c42586e5b22.jpg,0
850,imgs/cucumber_547efbbd-7ae7-4e56-bfea-12e8d193b698.jpg,0
851,,0
852,,0
853,imgs/cucumber_001011f8-3bcb-4654-ab22-9cb75525f5fa.jpg,0
854,,0
855,imgs/cucumber_1de58c4e-5815-4831-b7df-cddf9bdbf752.jpg,0
856,imgs/cucumber_feb5c714-a148-4612-b67b-b81a55ce1d34.jpg,0
857,imgs/cucumber_613ca711-54ff-43d0-a94d-6cc77f04fa05.jpg,0
858,imgs/cucumber_cf2e0124-451a-4b84-b690-1ee1cc645dc8.jpg,0
859,,0
860,imgs/cucumber_8144a21e-73a2-418e-98df-3d256006fdf3.jpg,0
861,,0
862,imgs/cucumber_1fe582fe-58ca-40eb-bad5-b85500e47358.jpg,0
863,imgs/cucumber_d72267bf-ead2-458d-8f57-400bd4c9743a.jpg,0
864,imgs/cucumber_6ec28d30-99a9-46b0-924b-980cc89aab13.jpg,0
865,,0
866,,0
867,imgs/cucumber_2ac906f0-77ec-42d8-b552-4407b52cddc2.jpg,0
868,imgs/cucumber_b99173ff-3738-4d55-8162-2242f2ec03d1.jpg,0
869,,0
870,imgs/cucumber_6906b1a2-21d0-41f1-85de-03d64773c1ee.jpg,0
871,,0
872,,0
873,imgs/cucumber_2da1968f-78f8-42cf-b743-c84754c67594.jpg,0
874,,0
875,,0
876,imgs/cucumber_76208636-cb9a-4244-a72c-c49fba7d5a42.jpg,0
877,imgs/cucumber_d5a79f8d-cf47-45dc-ac19-af9a9f68ec10.jpg,0
878,imgs/cucumber_1dbc8065-a915-4d7f-a9b9-59930fbb2b85.jpg,0
879,imgs/cucumber_8072ef9b-7c66-4b47-97da-8bc4525920a4.jpg,0
880,imgs/cucumber_8cac662e-b243-48cd-8ebe-0b655091d3ca.jpg,0
881,imgs/cucumber_67d39e89-ac3e-4298-b6c8-a57142558d4a.jpg,0
882,,0
883,,0
884,,0
885,imgs/cucumber_03349662-a5aa-4c10-80e5-9895de6a8118.jpg,0
886,imgs/cucumber_8fc16dca-ef42-4ec6-812e-83a1e57465b2.jpg,0
887,imgs/cucumber_046ad7db-a59c-4be4-9940-f04672e160ba.jpg,0
888,imgs/cucumber_7e46297d-78a4-4ef6-9ebe-7f3334abe427.jpg,0
889,imgs/cucumber_f9aee1fc-151e-4eca-8450-6e1a6e8a762e.jpg,0
890,imgs/cucumber_b4f3695a-4200-4960-9e1a-c61fa249479d.jpg,0
891,,0
892,imgs/cucumber_072d19ef-3e5d-4c87-9338-6a240851a51f.jpg,0
893,imgs/cucumber_ebf3c0c1-7526-4ff6-b1bf-51f89a4cdc35.jpg,0
894,imgs/cucumber_f3896e8d-8ef5-478a-bc16-36fa12af80a4.jpg,0
895,imgs/cucumber_69b804b2-9fef-4d0d-9811-b465ec5468f5.jpg,0
896,imgs/cucumber_71afead5-2065-474d-a437-e5d2ff8069c2.jpg,0
897,imgs/cucumber_47fd3921-7d80-49f3-89d8-de017dbc5947.jpg,0
898,imgs/cucumber_4d2f6ca4-9df3-4fac-8ad2-af496a59b776.jpg,0
899,imgs/cucumber_8eb31923-e350-4a2e-8d81-c563f95a0c82.jpg,0
900,,0
901,imgs/cucumber_105ced91-aeab-488b-8411-7b4b911ba203.jpg,0
902,imgs/cucumber_0c777da2-9fc9-4602-8df0-2f94c58ef15c.jpg,0
903,imgs/cucumber_68fd9b97-be69-40ac-a964-e3d97493b3cb.jpg,0
904,imgs/cucumber_e4b37680-8f34-44b6-8fbf-bd583cac4d04.jpg,0
905,,0
906,,0
907,,0
908,,0
909,,0
910,imgs/cucumber_42a6ab6d-bd42-46f9-9525-4c41023418ad.jpg,0
911,imgs/cucumber_1bfcb9d0-0d13-48c3-8fd1-4f983ccfc8c5.jpg,0
912,imgs/cucumber_ef56cf6c-0d2e-4a7c-9e63-95dacc884743.jpg,0
913,imgs/cucumber_28e82556-a9e9-47ca-a032-3c0118acdbe5.jpg,0
914,imgs/cucumber_6e79d667-ae21-419f-a19d-a70d9b9f5951.jpg,0
915,imgs/cucumber_ec9fe583-f4a0-45ec-b732-8513a3a6274b.jpg,0
916,imgs/cucumber_63fc6ab9-753b-429e-89f7-74f2508f5187.jpg,0
917,imgs/cucumber_44541c3f-f241-4e7d-9c4d-a6104900890d.jpg,0
918,,0
919,imgs/cucumber_bff61eee-1553-4e08-a013-db40d762f801.jpg,0
920,imgs/cucumber_5031cc87-8c73-41ea-b705-ea9769538a0a.jpg,0
921,,0
922,imgs/cucumber_1b4b54c7-4abf-48ba-9e17-7f2b160a26df.jpg,0
923,,0
924,,0
925,imgs/cucumber_64435558-13e6-44d6-b3f2-c5654189f902.jpg,0
926,imgs/cucumber_09e6783f-da06-43b1-979b-fd54f433d6e2.jpg,0
927,imgs/cucumber_00748451-769e-4cc1-9c7a-fb1b5eee1a15.jpg,0
928,,0
929,imgs/cucumber_8a961468-d1bf-44ba-9c60-35fb88d6f03b.jpg,0
930,imgs/cucumber_9d7c1a4b-0315-4afa-9f94-8302cb35e5b1.jpg,0
931,,0
932,imgs/cucumber_ddbbaeb1-8039-45d2-ada5-7c3e7d1a6221.jpg,0
933,imgs/cucumber_389c062c-742f-4fd8-8523-e9162b7a6cd2.jpg,0
934,,0
935,,0
936,imgs/cucumber_9a40bf02-6d80-48d5-be23-9f08a8917ae8.jpg,0
937,imgs/cucumber_70870106-a6bc-43c6-a767-407c1af0dd54.jpg,0
938,imgs/cucumber_9bed3ce1-1e2d-49a1-94aa-93039cb460b4.jpg,0
939,imgs/cucumber_c39f3af0-1a90-43d2-a114-bae6f528456d.jpg,0
940,,0
941,,0
942,imgs/cucumber_888a72df-d1ba-40d8-95a8-4b428a76e20c.jpg,0
943,imgs/cucumber_7195a23b-b299-4331-80c2-187dbe3b430a.jpg,0
944,,0
945,,0
946,imgs/cucumber_938a10da-01e1-4e33-9dca-a243fc865581.jpg,0
947,imgs/cucumber_a0057e5c-c76d-4c29-83bf-8782c1624bec.jpg,0
948,imgs/cucumber_d29c706d-339c-4df0-8628-ca64e1832aed.jpg,0
949,imgs/cucumber_f35cf6a1-a43d-41bc-8731-d8e763a7be7c.jpg,0
950,imgs/cucumber_1622f3c9-c82e-48bb-bb5a-dcfbd400a06e.jpg,0
951,imgs/cucumber_8c70e89b-c20f-4225-a960-4742ee45eb44.jpg,0
952,imgs/cucumber_6f66afa7-330a-4567-b6e6-72a3d4e879fe.jpg,0
953,imgs/cucumber_6364b258-7b3b-4141-a37e-0aa3a2473aa5.jpg,0
954,imgs/cucumber_0e8c279c-1f31-4249-9048-36e9646d3169.jpg,0
955,imgs/cucumber_decaeb7f-c737-4546-af15-e385761f3bd6.jpg,0
956,,0
957,imgs/cucumber_a9a77101-55af-480d-ab01-d7da105fbd52.jpg,0
958,,0
959,imgs/cucumber_3c2e0717-1732-4457-924f-2a13208b49c8.jpg,0
960,imgs/cucumber_5f84ce98-7e03-450e-aa0f-81a96f272004.jpg,0
961,imgs/cucumber_0192be58-3534-4336-a0f7-f462b472e991.jpg,0
962,imgs/cucumber_ba49f838-bfb2-42fd-88c6-e7c6b551e804.jpg,0
963,imgs/cucumber_7f7c0e35-e2c9-40b6-ac89-db40f5ba5859.jpg,0
964,imgs/cucumber_dc9558bc-939f-4544-b128-44bce6a1dddd.jpg,0
965,,0
966,imgs/cucumber_48f36c35-f714-4432-91b5-15351e4ade85.jpg,0
967,imgs/cucumber_e44896d3-f9d5-4d8d-aafc-9efedfa38b16.jpg,0
968,imgs/cucumber_fadd73e7-b765-471b-b1c3-18b79e9fb5e5.jpg,0
969,imgs/cucumber_8cee7558-8bdc-43e2-a285-ed11d81766d6.jpg,0
970,,0
971,imgs/cucumber_a56b8ce3-a8bb-4b9e-a45c-916729f132c8.jpg,0
972,imgs/cucumber_44343e76-ae97-438e-8ed0-10b6435e3f94.jpg,0
973,imgs/cucumber_83e2a7a9-7029-4b02-947a-1cd2c58dc2dc.jpg,0
974,,0
975,,0
976,,0
977,imgs/cucumber_13e6f2fb-fe2b-46a7-b806-0840f549f2fb.jpg,0
978,imgs/cucumber_c35bba09-939c-439e-8e15-088a901343aa.jpg,0
979,imgs/cucumber_d260856f-ffbc-4497-93de-5557fa2b97e7.jpg,0
980,imgs/cucumber_422c6e3e-43f3-4816-b9f9-ae9e7c9fad2c.jpg,0
981,,0
982,imgs/cucumber_16c85689-50e1-4035-bcb3-6f0a37fc707b.jpg,0
983,imgs/cucumber_d097684e-93d9-49a8-8de9-f62093d87f23.jpg,0
984,imgs/cucumber_2c813da3-6e0d-4e47-b43f-9a45a83916de.jpg,0
985,imgs/cucumber_f329c42f-00ed-4e42-9d55-4cf257ec01ab.jpg,0
986,imgs/cucumber_3b5a4a5d-1c76-4cf8-9426-b3b073427f6f.jpg,0
987,,0
988,imgs/cucumber_6517fe61-00e6-4d63-8ad5-1c3b5799351b.jpg,0
989,imgs/cucumber_b0e34bfc-9b93-4b43-8cc0-0ec2b0473e2b.jpg,0
990,,0
991,imgs/cucumber_a4b6891a-6919-4c54-a97b-c086ffe78b7f.jpg,0
992,,0
993,,0
994,,0
995,,0
996,imgs/cucumber_07b961b6-7d1e-4b8d-a6e3-9a86fbd2b72a.jpg,0
997,,0
998,imgs/cucumber_9a764153-0890-4d22-b0d4-97d67e917220.jpg,0
999,imgs/cucumber_327f0876-676d-4e3f-b2b9-52eaea48714c.jpg,0
1000,imgs/cucumber_85ec666c-c67d-4244-b90f-201964f97798.jpg,0
1001,imgs/cucumber_e00d0bff-a269-48af-8b4f-148c477cbfbc.jpg,0
1002,imgs/cucumber_f4634249-93e9-40d6-9d22-52994183f3d1.jpg,0
1003,imgs/cucumber_c1088ef8-10f5-4bc7-a32f-9fbbaf29a84c.jpg,0
1004,imgs/cucumber_88cbd4f6-2a9a-4424-9b4c-daf49550e9bb.jpg,0
1005,,0
1006,imgs/cucumber_f83e103b-2643-40b6-9900-8c04773b7edc.jpg,0
1007,imgs/cucumber_0258b779-a10b-410e-b5c5-a41aa12d3fb0.jpg,0
1008,imgs/cucumber_63efcf24-d7ea-45e0-aaa2-51c5f11740d9.jpg,0
1009,imgs/cucumber_44b1ab39-1240-4809-84c0-861b46db469d.jpg,0
1010,imgs/cucumber_2af4c047-30e1-444a-9155-61dd51bb1e92.jpg,0
1011,imgs/cucumber_467cc60e-8086-4742-8150-a0943f9053ff.jpg,0
1012,imgs/cucumber_80825ba7-fb7e-47d7-93c0-d86fed477cc0.jpg,0
1013,,0
1014,imgs/cucumber_d1711f7c-0ab1-4444-9b91-2da6e725a867.jpg,0
1015,imgs/cucumber_deada04e-974f-4da7-8060-e4137664638f.jpg,0
1016,,0
1017,,0
1018,imgs/cucumber_8d30a569-73eb-4a34-a068-96d5def12920.jpg,0
1019,imgs/cucumber_555ea5b5-7199-4186-8de8-38c4c802451e.jpg,0
1020,imgs/cucumber_e8658edc-b64c-4a49-97bc-0639eb6ff1b6.jpg,0
1021,,0
1022,imgs/cucumber_9a5bd226-3b8f-4051-8267-8ebe0c9acb65.jpg,0
1023,imgs/cucumber_e6a0d952-d3ca-434a-bbfc-e00b4de42760.jpg,0
1024,,0
1025,imgs/cucumber_6d1b7ea0-a5e7-4a23-945e-e3c8f643036d.jpg,0
1026,,0
1027,imgs/cucumber_40a5dca9-e8a6-4f8d-b538-6d3d515401ee.jpg,0
1028,,0
1029,imgs/cucumber_bd35963e-68bb-4ccd-ae72-a71c07a85983.jpg,0
1030,imgs/cucumber_84d073d5-224a-4908-87bd-1cb94eb1914d.jpg,0
1031,,0
1032,imgs/cucumber_5a00dfd9-e200-40b7-9abd-d5df43630b87.jpg,0
1033,imgs/cucumber_74b2739c-9b6d-4039-8ad6-3bf7012faaa4.jpg,0
1034,imgs/cucumber_faa32c60-554a-46d1-96dd-a718edc488e7.jpg,0
1035,imgs/cucumber_fb1ea1a4-65da-48a3-8d3c-487d28f78743.jpg,0
1036,imgs/cucumber_a71a0b8d-eeec-4ec6-8d8e-70e360d3c4fa.jpg,0
1037,imgs/cucumber_b4c3130a-069f-4c42-bac3-8107c4c7b979.jpg,0
1038,imgs/cucumber_25e84fb6-41f2-403f-9bf4-2fa5c8f2d26d.jpg,0
1039,,0
1040,imgs/cucumber_8d4e99e0-a9c1-464c-b67f-9f321c6fadd4.jpg,0
1041,imgs/cucumber_44eb1507-2e48-4605-a33f-980b11adf272.jpg,0
1042,,0
1043,imgs/cucumber_062e5b4e-837a-4ca9-a515-24415824b1cc.jpg,0
1044,,0
1045,imgs/cucumber_cfba6e85-32f7-4b7d-8ff6-dc298163d4d4.jpg,0
1046,imgs/cucumber_cc67a809-304a-49aa-8282-2baf228d52cb.jpg,0
1047,,0
1048,imgs/cucumber_ccb1eab2-fdc5-4ca9-aea8-779e560c9d46.jpg,0
1049,imgs/cucumber_690e7cd0-7392-4149-b961-49480714e764.jpg,0
1050,,0
1051,imgs/cucumber_04988b47-3a5d-4096-81e7-ebf003f39eb2.jpg,0
1052,imgs/cucumber_41f18161-617c-487f-85bc-d5839c2b46ac.jpg,0
1053,imgs/cucumber_44e45841-8ad9-4ef9-b160-db1aabd685f4.jpg,0
1054,,0
1055,imgs/cucumber_b9b1ab38-638d-4332-8c6e-452ae7bd0843.jpg,0
1056,imgs/cucumber_e48152ae-0c59-4a35-b381-f8c68af56cd6.jpg,0
1057,,0
1058,,0
1059,imgs/cucumber_7c020f1a-3968-46d1-90e8-cee19661c2b9.jpg,0
1060,imgs/cucumber_03660379-2c38-47d3-8b84-a1f4b4ba5b97.jpg,0
1061,,0
1062,,0
1063,imgs/cucumber_c6abbb06-21ac-405b-a337-9b8aecefb7fe.jpg,0
1064,imgs/cucumber_e40f7af3-aca2-4c97-aeeb-5b0e8ee30668.jpg,0
1065,,0
1066,,0
1067,imgs/cucumber_6150f555-a370-47d2-8cef-f05988c87dbb.jpg,0
1068,imgs/cucumber_bbd1f54d-aa90-4699-a4a5-339832cd350f.jpg,0
1069,,0
1070,,0
1071,imgs/cucumber_b7db7462-f936-4655-b1b4-d8d3ad058652.jpg,0
1072,imgs/cucumber_00faade1-9368-472a-9cba-2a42ff2a5845.jpg,0
1073,,0
1074,,0
1075,imgs/cucumber_073b4ce5-2aa7-4164-a0a6-7d4a1eca838a.jpg,0
1076,imgs/cucumber_1bfad61b-56ad-42fe-83c1-1d3585a6b5d3.jpg,0
1077,imgs/cucumber_50aed40a-ffdc-4d9c-98fd-7fec26d5f98b.jpg,0
1078,,0
1079,,0
1080,imgs/cucumber_a4568b6e-c620-4576-abb0-430572c61184.jpg,0
1081,imgs/cucumber_c24ee2ef-2674-45e5-93aa-cdb0c80dcce1.jpg,0
1082,imgs/cucumber_a1fd657f-4ca9-4eaa-a1dd-4df7219fc462.jpg,0
1083,,0
1084,imgs/cucumber_bdc3d984-6c03-4d0f-9c46-dcc79c53ef8d.jpg,0
1085,,0
1086,,0
1087,imgs/cucumber_9029b594-4b7b-4a37-b157-d852986cef67.jpg,0
1088,imgs/cucumber_90727f19-e0e6-438f-87c0-b2b7147d6795.jpg,0
1089,imgs/cucumber_31f7d26c-431d-44fc-aeba-eac0d05c9aec.jpg,0
1090,imgs/cucumber_e3d43689-9059-491d-8aed-8f6cbb937ea7.jpg,0
1091,imgs/cucumber_f0d56aad-fca6-4fc7-b6d2-6e07aaf6cc45.jpg,0
1092,imgs/cucumber_62bfd564-7d25-40b6-9f07-df28636c6a78.jpg,0
1093,,0
1094,imgs/cucumber_20963117-02b5-4af9-9636-658b24befd75.jpg,0
1095,imgs/cucumber_8fc81723-e238-41ad-a663-3cd1e761f7e1.jpg,0
1096,imgs/cucumber_9b665ca5-d444-4f04-a316-95d0e39e6ad5.jpg,0
1097,imgs/cucumber_afdb7093-3590-455c-af4b-08dedb712980.jpg,0
1098,imgs/cucumber_97412f80-8c43-4590-bc9f-cb6f6b2a0f53.jpg,0
1099,,0
1100,imgs/cucumber_03c19099-7023-4f2a-bef7-a2a9940c969f.jpg,0
1101,imgs/cucumber_43c10dcb-bf48-4711-b70b-67b10825c100.jpg,0
1102,imgs/cucumber_4f2130fb-98be-417f-ac0a-cdda58974469.jpg,0
1103,imgs/cucumber_540fd3d6-3e16-496f-9885-59f75ebacb43.jpg,0
1104,imgs/cucumber_95fc1b97-6156-4d8a-923a-7da34e0c6ed4.jpg,0
1105,,0
1106,imgs/cucumber_b083ae1b-dcca-419a-b56e-4e92d5c4daac.jpg,0
1107,,0
1108,imgs/cucumber_8b6507ee-6933-4578-bb60-8dc78c7d3f9a.jpg,0
1109,imgs/cucumber_3a9f4d8d-ee27-4e7a-bbf2-6120a2abe276.jpg,0
1110,,0
1111,imgs/cucumber_f83093ef-148a-400e-97bf-d80c92a0a8d6.jpg,0
1112,imgs/cucumber_32588ea1-f4fa-4981-a23d-31b19a5d5257.jpg,0
1113,,0
1114,,0
1115,imgs/cucumber_e1b24699-7670-4c62-823c-245b66030c14.jpg,0
1116,imgs/cucumber_cbf77ac6-df0f-4eb9-b069-f7c333ebe82c.jpg,0
1117,,0
1118,imgs/cucumber_cf99c528-1ec8-4c89-8777-1f012693c06a.jpg,0
1119,imgs/cucumber_73ee0ab9-fa5e-443a-bd6c-3f7651748398.jpg,0
1120,imgs/cucumber_d6053bf3-af80-4314-9421-04e0b8939732.jpg,0
1121,imgs/cucumber_753d2865-b066-4b42-bf57-2f1c0b89a567.jpg,0
1122,,0
1123,,0
1124,imgs/cucumber_3afc5bd1-772e-4440-ab1c-5d9588d7bbcf.jpg,0
1125,imgs/cucumber_ae51302e-5119-42a0-abaf-084be114faf2.jpg,0
1126,imgs/cucumber_7fe0daeb-c746-4d6e-9fbb-34fdef13f510.jpg,0
1127,imgs/cucumber_a848e892-0b2c-446f-8f49-2c0ed172d3e5.jpg,0
1128,imgs/cucumber_ea2165f7-8326-48b5-aeee-163e70be46a9.jpg,0
1129,imgs/cucumber_7bbe45e1-74ae-4bda-a90e-ef8cc9220f74.jpg,0
1130,imgs/cucumber_ecbdad50-980f-4cd5-8ce4-39b98743ffec.jpg,0
1131,imgs/cucumber_f4f96be8-d7af-4fd7-81b2-356dd3fc3032.jpg,0
1132,imgs/cucumber_326f385f-fb8a-4723-a151-489bc63bb063.jpg,0
1133,imgs/cucumber_96cf7d71-506b-4ed3-b0d8-02f58fd10585.jpg,0
1134,imgs/cucumber_164355ac-b06a-46f5-9243-56844640d727.jpg,0
1135,imgs/cucumber_e3dcc360-e5f7-4583-921c-8974afe02036.jpg,0
1136,,0
1137,imgs/cucumber_47588c52-373d-46ce-b827-3904fe470bb6.jpg,0
1138,imgs/cucumber_71ead229-c8f7-4451-8d45-d6e40f08e458.jpg,0
1139,imgs/cucumber_a36fdab4-3d62-44cb-b223-a32b14043aef.jpg,0
1140,,0
1141,,0
1142,,0
1143,imgs/cucumber_bdacb589-b097-4e17-8c92-88690b635b02.jpg,0
1144,imgs/cucumber_97370dd5-3b4f-499a-8e33-6468264cc27e.jpg,0
1145,imgs/cucumber_15241ddc-b8d3-42b8-a389-a363dda8bbde.jpg,0
1146,,0
1147,,0
1148,,0
1149,imgs/cucumber_eef07e25-f406-48ad-8ecb-e17747e29148.jpg,0
1150,,0
1151,imgs/cucumber_ac241184-6dee-4f03-9dad-386abcca8d1b.jpg,0
1152,,0
1153,,0
1154,imgs/cucumber_7a0807d8-f612-43ac-b772-d2c61014748c.jpg,0
1155,imgs/cucumber_e1ff75d0-b03d-42c8-b4e9-2e9e2b0054c0.jpg,0
1156,,0
1157,imgs/cucumber_f7d0ae83-9f1f-4917-8155-af26d2b58371.jpg,0
1158,imgs/cucumber_84f5daf8-8b80-4ea1-a1d1-9df725dab67a.jpg,0
1159,imgs/cucumber_f3f6b95a-e90b-45cd-9255-6004721ab769.jpg,0
1160,,0
1161,,0
1162,imgs/cucumber_83456edf-dc85-4f86-99bd-71f805a0a41d.jpg,0
1163,imgs/cucumber_51a803a1-e6de-4363-8aac-61d1d7336693.jpg,0
1164,imgs/cucumber_e963f96a-d6f6-44d0-8261-2694236390d3.jpg,0
1165,,0
1166,,0
1167,,0
1168,imgs/cucumber_015f19fd-697a-4554-8010-211c82b7fdae.jpg,0
1169,,0
1170,imgs/cucumber_1fd3dedb-fdaf-4556-b2ba-d01b857654a8.jpg,0
1171,imgs/cucumber_8a8100ef-733b-41ef-b1ef-5520087ace44.jpg,0
1172,imgs/cucumber_2a4078ec-0d0e-4430-93a6-d26b316e70c6.jpg,0
1173,imgs/cucumber_093f117b-7f0e-4844-ac8f-d44834646545.jpg,0
1174,imgs/cucumber_78e575da-9672-479d-8f0a-b5428c742b7e.jpg,0
1175,imgs/cucumber_0394e34b-3d5a-4666-87b2-75dd35a67e8c.jpg,0
1176,imgs/cucumber_30fbc3c8-a12a-449f-8de6-771d04b7f66f.jpg,0
1177,imgs/cucumber_899a4dc9-6208-4e6f-8bbc-95dc56b74fdb.jpg,0
1178,imgs/cucumber_ffd40b35-9eeb-4775-a38b-f217c8a3944b.jpg,0
1179,,0
1180,imgs/cucumber_f14175ca-a715-429d-8745-295fa34eb2cf.jpg,0
1181,imgs/cucumber_afc29b30-7d6b-41a4-a0c0-2a5b862f48b1.jpg,0
1182,imgs/cucumber_427868d5-1f5a-4e82-8047-29d6d516552c.jpg,0
1183,imgs/cucumber_804ed891-b5e6-4eda-a83d-b1de245becdc.jpg,0
1184,imgs/cucumber_50431cc7-adc5-4db8-b94f-dcae697795c4.jpg,0
1185,imgs/cucumber_97e953b2-969f-4d0f-b1eb-30d62b28c2c3.jpg,0
1186,,0
1187,,0
1188,imgs/cucumber_e9318c3d-f670-464f-bbce-fc68a922a148.jpg,0
1189,imgs/cucumber_d503cc9e-5479-4fcf-a2a0-185c3f359fb2.jpg,0
1190,imgs/cucumber_59b44f83-e15f-45df-b736-ac05b30be1f0.jpg,0
1191,imgs/cucumber_cbc9b74c-fd15-44f4-b85c-8e31843a239f.jpg,0
1192,,0
1193,imgs/cucumber_733e7716-945b-4bfa-af6f-abe4da972fa8.jpg,0
1194,imgs/cucumber_71e50c04-06bb-4eeb-a013-bf2dcb71d679.jpg,0
1195,imgs/cucumber_45964bb4-8869-4e1f-a9f4-205090dc53da.jpg,0
1196,imgs/cucumber_8a162af9-38c2-4c75-ad8c-93d94b171142.jpg,0
1197,,0
1198,,0
1199,,0
1200,imgs/cucumber_b961bd19-e910-48c3-b580-d8eab2fb1179.jpg,0
1201,imgs/cucumber_13aae478-ce72-4383-89fb-6ac8d9fe8e33.jpg,0
1202,imgs/cucumber_c55d8168-4697-45fa-9eb1-1ec79365d2ba.jpg,0
1203,,0
1204,imgs/cucumber_fdb733b6-1266-46b6-b308-f01ae5a74977.jpg,0
1205,,0
1206,imgs/cucumber_888c34c2-a29d-4040-932e-18694910c6b3.jpg,0
1207,,0
1208,imgs/cucumber_532cd6f8-1773-4460-8b00-f70f4d51e0aa.jpg,0
1209,imgs/cucumber_ea0f36bd-38c0-4ec1-b35b-0157e20fa5bb.jpg,0
1210,imgs/cucumber_23093fbb-bc60-4c94-97b9-bd2d5bbbaa2e.jpg,0
1211,imgs/cucumber_3648b2b6-05b0-40b5-ad34-9620db45683a.jpg,0
1212,imgs/cucumber_c5177108-72c8-4db7-8cee-1f2d5724adc2.jpg,0
1213,imgs/cucumber_95e929bf-fa9c-4ddc-8875-4781e5cebcda.jpg,0
1214,,0
1215,imgs/cucumber_0d5978aa-2be7-4e17-8f29-8f93bcf03ece.jpg,0
1216,,0
1217,imgs/cucumber_61a9d89f-9980-42af-ac87-4415f3ae6abb.jpg,0
1218,,0
1219,imgs/cucumber_f785b71f-eb35-43e0-a57d-21bfb6583791.jpg,0
1220,,0
1221,imgs/cucumber_c0457674-cbc0-4452-9623-4de8e6ea4949.jpg,0
1222,imgs/cucumber_fdd6570f-e401-43d4-903f-97623575992f.jpg,0
1223,,0
1224,imgs/cucumber_4ad75fad-14a4-4895-a4a0-fd05fdc0ff1e.jpg,0
1225,,0
1226,imgs/cucumber_6066a3ec-03b2-479e-aeb1-c87afbbaedfc.jpg,0
1227,,0
1228,imgs/cucumber_447efd4b-803c-45e2-bb68-84aeda4a26fb.jpg,0
1229,imgs/cucumber_2ff4fa6b-da1e-4a30-afbd-4b9604afc919.jpg,0
1230,imgs/cucumber_e2623f9d-49d9-4f5f-beaa-54d37c02f2a5.jpg,0
1231,imgs/cucumber_d37cfd98-0f4a-4991-8770-5512222da238.jpg,0
1232,,0
1233,imgs/cucumber_a3ff0f07-d880-489a-97e8-32caee7c40c3.jpg,0
1234,imgs/cucumber_5f3f3def-ac91-4410-bb4b-30401ef4280c.jpg,0
1235,,0
1236,,0
1237,imgs/cucumber_423be8ee-459c-4c65-981b-04aab277a356.jpg,0
1238,imgs/cucumber_ce7291e8-aa5a-49a4-ab08-29c2f72209a9.jpg,0
1239,imgs/cucumber_81aa6f6d-230c-4531-a59c-4f693d24c8aa.jpg,0
1240,imgs/cucumber_815f1f34-ff3c-4bb1-8f28-b6f8ca3bbf72.jpg,0
1241,imgs/cucumber_6cb10b03-f7b8-4966-a5db-f1491cafa504.jpg,0
1242,imgs/cucumber_aa7b5005-ae61-416d-95b9-72dbfaed4f1a.jpg,0
1243,imgs/cucumber_a5664250-8316-4673-bc50-e51eaae750e4.jpg,0
1244,imgs/cucumber_06e3747a-34a3-4bb7-9658-02fa825ea8f6.jpg,0
1245,imgs/cucumber_d53416f1-66a5-4c05-adc3-52d91f61fba4.jpg,0
1246,imgs/cucumber_8cfac4e8-867b-47d8-9cbd-41c77873c120.jpg,0
1247,,0
1248,imgs/cucumber_a859a407-a812-4f14-b3c4-741410b5772a.jpg,0
1249,imgs/cucumber_2f1ec9e3-6662-4c17-8c7a-9627604aed43.jpg,0
1250,imgs/cucumber_d05a460b-b14d-4bd0-83e9-690a816142b3.jpg,0
1251,,0
1252,imgs/cucumber_e85c83fe-8052-46ab-9b01-a6d9e4ef2e12.jpg,0
1253,,0
1254,imgs/cucumber_6fa51e9c-19fb-43f7-a85a-01c160a1b15a.jpg,0
1255,imgs/cucumber_85fe18d5-241a-4e9b-836b-f709483176dd.jpg,0
1256,,0
1257,imgs/cucumber_3a9ff93f-7d35-4023-a5cb-5890dfc3bfd7.jpg,0
1258,imgs/cucumber_1f2e17b1-ef4e-458e-b866-8e7c05350e00.jpg,0
1259,imgs/cucumber_8268dc15-7ed0-4162-9b10-925664255d95.jpg,0
1260,imgs/cucumber_102473dd-c150-4b6e-89e6-9f709f0d083f.jpg,0
1261,,0
1262,imgs/cucumber_5d208189-1cec-4113-aef0-0963011677be.jpg,0
1263,imgs/cucumber_9f2df255-5248-4156-85ed-bc27ab6c9d4d.jpg,0
1264,,0
1265,imgs/cucumber_dec964ca-80be-4555-a946-9c926706e328.jpg,0
1266,,0
1267,imgs/cucumber_b5f1651d-6b81-4b64-aaa5-48a545f5d48b.jpg,0
1268,imgs/cucumber_1ea8d3f0-9ccb-4930-8d4b-c48825cd55fa.jpg,0
1269,,0
1270,,0
1271,,0
1272,,0
1273,imgs/cucumber_2c083180-89ef-41e1-881f-3605419c2801.jpg,0
1274,imgs/cucumber_d2f3131f-5dd0-4351-8d70-a28af4e484b5.jpg,0
1275,,0
1276,,0
1277,,0
1278,,0
1279,,0
1280,,0
1281,,0
1282,,0
1283,imgs/cucumber_da65de6c-e31b-4fb7-956d-7233b97e992b.jpg,0
1284,,0
1285,imgs/cucumber_528faa8f-ece8-4d82-89c9-37b7cf789abd.jpg,0
1286,,0
1287,,0
1288,,0
1289,,0
1290,,0
1291,,0
